idxSfwd	idxSrev	seqSfwd	seqSrev	d0BothLast10	d1BothLast10	d2BothLast10	d0FwdLast10	d1FwdLast10	d2FwdLast10	d0RevLast10	d1RevLast10	d2RevLast10	d0BothAll	d1BothAll	d2BothAll	d0FwdAll	d1FwdAll	d2FwdAll	d0RevAll	d1RevAll	d2RevAll
56	99	AGATTGTTACTCCGACGGAC	CACTCGATAGGTACAACCGG	0	0	0	0	2	93	0	5	104	0	0	426	1	76	2295	1	125	5106
45	181	AGAACATAGCATTCACGGGG	TTAGTAGGCAAGCATACCCG	0	0	0	0	5	156	0	3	209	0	0	448	1	133	3360	2	209	4438
94	129	ATTAGGATTGCGAGCGACAC	GGAAACAATAACCATCGGCG	0	0	0	0	4	164	0	4	113	0	0	192	3	111	2733	4	114	2704
20	185	AATAGGAACCTCTTACGCGG	TTGACAGACAATCCGTAGGC	0	0	0	0	4	150	0	4	157	0	0	386	12	279	5429	3	159	3336
23	51	AATGCAAAGCTATTAGCGCG	AGAGTTGCACCTAGAATCCG	0	0	0	0	2	72	0	6	176	0	0	394	2	141	3354	5	242	5021
159	162	TCACTTGGTATCGAGAACGG	TCATCGACAAGATACAGGCG	0	0	0	0	4	201	0	4	202	0	0	344	5	109	3155	1	154	3549
47	154	AGACAAGCCTTAACCGTAGG	TATCACGGAAGGACTCAACG	0	0	0	0	5	133	0	6	271	0	0	337	7	197	3514	7	231	4469
67	115	AGTAGTATCCGAATCGCTGC	CTAGGGAACCAGGCTTAACG	0	0	0	0	4	237	0	5	162	0	0	280	2	46	1683	25	447	6325
29	93	ACAGGAAGCAAGGTATACGC	ATGCTAGCTGGAACTATCGG	0	0	0	0	4	163	0	4	124	0	0	452	8	279	5326	9	194	4165
33	96	ACATTAAATTTCGCCGTGGC	ATTCAAGGGTTGGACGACTC	0	0	0	0	4	187	0	4	233	0	0	268	1	80	2198	7	245	6027
85	116	ATAGATCATGTCGGCAGTCG	CTAGGGGATGGTCCAATACG	0	0	0	0	3	143	0	3	253	0	0	461	5	109	2848	17	422	7076
40	119	ACGTGAAACTGTATCGAGCC	CTGCTAGGGGCTACTTATCG	0	0	0	0	6	204	0	6	134	0	0	464	1	157	3296	20	532	7946
